<Configuration status="info"> 
	<Appenders>
		<Console name="Console" target="SYSTEM_OUT">
            <PatternLayout pattern="%d{YYYY-MM-dd HH:mm:ss} [%t] %-5p %c{1}:%L - %msg%n" />
        </Console>
	    <RollingFile name="RollingFile" filename="logs/tumorteller.log"
	        filepattern="${logPath}/%d{yyyyMMddHHmmss}-fargo.log">
	        <PatternLayout pattern="%d{yyyy-MM-dd HH:mm:ss} [%t] %-5p %c{1}:%L - %msg%n" />
	        <Policies>
	            <SizeBasedTriggeringPolicy size="100 MB" />
	        </Policies>
	        <DefaultRolloverStrategy max="20" />
	    </RollingFile>
    </Appenders>
    <Loggers> 
        <Root level="info"> 
         	<AppenderRef ref="Console" />
            <AppenderRef ref="RollingFile"/> 
        </Root> 
    </Loggers> 
</Configuration>